Workbook

Sheet auth
A1: 系統 | B1: 模組 | C1: 功能 | D1: add | E1: update | F1: delete | G1: execute
A2: SYSTEM | B2: nav | C2: nav1-1-1 | D2: 1 | E2: 1 | F2: 1 | G2: 1
A3: SYSTEM | B3: nav | C3: nav1-1-2 | D3: 1 | E3: 1 | F3: 1 | G3: 1
A4: SYSTEM | B4: nav | C4: nav1-1-3 | D4: 1 | E4: 1 | F4: 1 | G4: 1
A5: SYSTEM | B5: nav | C5: nav1-1-4 | D5: 1 | E5: 1 | F5: 1 | G5: 1
A6: SYSTEM | B6: nav | C6: nav1-1-5 | D6: 1 | E6: 1 | F6: 1 | G6: 1
A7: SYSTEM | B7: nav | C7: nav1-1-6 | D7: 1 | E7: 1 | F7: 1 | G7: 1
A8: SYSTEM | B8: nav | C8: nav1-1-7 | D8: 1 | E8: 1 | F8: 1 | G8: 1

Sheet routes
A1: nav1 | B1: nav2 | C1: nav3 | D1: name | E1: title | F1: read | G1: create | H1: update | I1: delete | J1: execute | K1: permission | L1: isEnabled | M1: isInProgress | N1: isFix | O1: isMain | P1: serviceLevels
A2: nav | D2: =IF( AND($B2="", $C2=""), $A2, IF($C2<>"", $C2, $B2) ) -> nav | E2: 資料維護 | F2: =IF( COUNTIF(auth!$C:$C,$D2) > 0, permission!$C$2, 0 ) -> 0 | G2: =SUMIFS(auth!$D:$D, auth!$C:$C, $D2) * permission!$D$2 -> 0 | H2: =SUMIFS(auth!$E:$E, auth!$C:$C, $D2) * permission!$E$2 -> 0 | I2: =SUMIFS(auth!$F:$F, auth!$C:$C, $D2) * permission!$F$2 -> 0 | J2: =SUMIFS(auth!$G:$G, auth!$C:$C, $D2) * permission!$G$2 -> 0 | K2: =IF( OR($D2="", $F2=0), permission!$H$2, SUM($F2:$J2) ) -> 31 | P2: Basic
A3: nav | B3: nav1 | D3: =IF( AND($B3="", $C3=""), $A3, IF($C3<>"", $C3, $B3) ) -> nav1 | E3: 基本維護 | F3: =IF( COUNTIF(auth!$C:$C,$D3) > 0, permission!$C$2, 0 ) -> 0 | G3: =SUMIFS(auth!$D:$D, auth!$C:$C, $D3) * permission!$D$2 -> 0 | H3: =SUMIFS(auth!$E:$E, auth!$C:$C, $D3) * permission!$E$2 -> 0 | I3: =SUMIFS(auth!$F:$F, auth!$C:$C, $D3) * permission!$F$2 -> 0 | J3: =SUMIFS(auth!$G:$G, auth!$C:$C, $D3) * permission!$G$2 -> 0 | K3: =IF( OR($D3="", $F3=0), permission!$H$2, SUM($F3:$J3) ) -> 31 | P3: Basic
A4: nav | B4: nav1 | C4: nav1-1 | D4: =IF( AND($B4="", $C4=""), $A4, IF($C4<>"", $C4, $B4) ) -> nav1-1 | E4: 產品資訊維護 | F4: =IF( COUNTIF(auth!$C:$C,$D4) > 0, permission!$C$2, 0 ) -> 0 | G4: =SUMIFS(auth!$D:$D, auth!$C:$C, $D4) * permission!$D$2 -> 0 | H4: =SUMIFS(auth!$E:$E, auth!$C:$C, $D4) * permission!$E$2 -> 0 | I4: =SUMIFS(auth!$F:$F, auth!$C:$C, $D4) * permission!$F$2 -> 0 | J4: =SUMIFS(auth!$G:$G, auth!$C:$C, $D4) * permission!$G$2 -> 0 | K4: =IF( OR($D4="", $F4=0), permission!$H$2, SUM($F4:$J4) ) -> 31 | O4: TRUE | P4: Basic
A5: nav | B5: nav1 | C5: nav1-2 | D5: =IF( AND($B5="", $C5=""), $A5, IF($C5<>"", $C5, $B5) ) -> nav1-2 | E5: 製程資訊維護 | F5: =IF( COUNTIF(auth!$C:$C,$D5) > 0, permission!$C$2, 0 ) -> 0 | G5: =SUMIFS(auth!$D:$D, auth!$C:$C, $D5) * permission!$D$2 -> 0 | H5: =SUMIFS(auth!$E:$E, auth!$C:$C, $D5) * permission!$E$2 -> 0 | I5: =SUMIFS(auth!$F:$F, auth!$C:$C, $D5) * permission!$F$2 -> 0 | J5: =SUMIFS(auth!$G:$G, auth!$C:$C, $D5) * permission!$G$2 -> 0 | K5: =IF( OR($D5="", $F5=0), permission!$H$2, SUM($F5:$J5) ) -> 31 | P5: Basic
A6: nav | B6: nav1 | C6: nav1-3 | D6: =IF( AND($B6="", $C6=""), $A6, IF($C6<>"", $C6, $B6) ) -> nav1-3 | E6: 區域資訊維護 | F6: =IF( COUNTIF(auth!$C:$C,$D6) > 0, permission!$C$2, 0 ) -> 0 | G6: =SUMIFS(auth!$D:$D, auth!$C:$C, $D6) * permission!$D$2 -> 0 | H6: =SUMIFS(auth!$E:$E, auth!$C:$C, $D6) * permission!$E$2 -> 0 | I6: =SUMIFS(auth!$F:$F, auth!$C:$C, $D6) * permission!$F$2 -> 0 | J6: =SUMIFS(auth!$G:$G, auth!$C:$C, $D6) * permission!$G$2 -> 0 | K6: =IF( OR($D6="", $F6=0), permission!$H$2, SUM($F6:$J6) ) -> 31 | P6: Basic
A7: nav | B7: nav1 | C7: nav1-4 | D7: =IF( AND($B7="", $C7=""), $A7, IF($C7<>"", $C7, $B7) ) -> nav1-4 | E7: 機台資訊維護 | F7: =IF( COUNTIF(auth!$C:$C,$D7) > 0, permission!$C$2, 0 ) -> 0 | G7: =SUMIFS(auth!$D:$D, auth!$C:$C, $D7) * permission!$D$2 -> 0 | H7: =SUMIFS(auth!$E:$E, auth!$C:$C, $D7) * permission!$E$2 -> 0 | I7: =SUMIFS(auth!$F:$F, auth!$C:$C, $D7) * permission!$F$2 -> 0 | J7: =SUMIFS(auth!$G:$G, auth!$C:$C, $D7) * permission!$G$2 -> 0 | K7: =IF( OR($D7="", $F7=0), permission!$H$2, SUM($F7:$J7) ) -> 31 | P7: Basic
A8: nav | B8: nav2 | D8: =IF( AND($B8="", $C8=""), $A8, IF($C8<>"", $C8, $B8) ) -> nav2 | E8: 進階維護 | F8: =IF( COUNTIF(auth!$C:$C,$D8) > 0, permission!$C$2, 0 ) -> 0 | G8: =SUMIFS(auth!$D:$D, auth!$C:$C, $D8) * permission!$D$2 -> 0 | H8: =SUMIFS(auth!$E:$E, auth!$C:$C, $D8) * permission!$E$2 -> 0 | I8: =SUMIFS(auth!$F:$F, auth!$C:$C, $D8) * permission!$F$2 -> 0 | J8: =SUMIFS(auth!$G:$G, auth!$C:$C, $D8) * permission!$G$2 -> 0 | K8: =IF( OR($D8="", $F8=0), permission!$H$2, SUM($F8:$J8) ) -> 31 | P8: Basic
A9: nav | B9: nav2 | C9: nav2-1 | D9: =IF( AND($B9="", $C9=""), $A9, IF($C9<>"", $C9, $B9) ) -> nav2-1 | E9: 工時管理 | F9: =IF( COUNTIF(auth!$C:$C,$D9) > 0, permission!$C$2, 0 ) -> 0 | G9: =SUMIFS(auth!$D:$D, auth!$C:$C, $D9) * permission!$D$2 -> 0 | H9: =SUMIFS(auth!$E:$E, auth!$C:$C, $D9) * permission!$E$2 -> 0 | I9: =SUMIFS(auth!$F:$F, auth!$C:$C, $D9) * permission!$F$2 -> 0 | J9: =SUMIFS(auth!$G:$G, auth!$C:$C, $D9) * permission!$G$2 -> 0 | K9: =IF( OR($D9="", $F9=0), permission!$H$2, SUM($F9:$J9) ) -> 31 | O9: TRUE | P9: Basic
A10: nav | B10: nav2 | C10: nav2-2 | D10: =IF( AND($B10="", $C10=""), $A10, IF($C10<>"", $C10, $B10) ) -> nav2-2 | E10: 規則管理 | F10: =IF( COUNTIF(auth!$C:$C,$D10) > 0, permission!$C$2, 0 ) -> 0 | G10: =SUMIFS(auth!$D:$D, auth!$C:$C, $D10) * permission!$D$2 -> 0 | H10: =SUMIFS(auth!$E:$E, auth!$C:$C, $D10) * permission!$E$2 -> 0 | I10: =SUMIFS(auth!$F:$F, auth!$C:$C, $D10) * permission!$F$2 -> 0 | J10: =SUMIFS(auth!$G:$G, auth!$C:$C, $D10) * permission!$G$2 -> 0 | K10: =IF( OR($D10="", $F10=0), permission!$H$2, SUM($F10:$J10) ) -> 31 | P10: Basic
A11: nav | B11: nav2 | C11: nav2-3 | D11: =IF( AND($B11="", $C11=""), $A11, IF($C11<>"", $C11, $B11) ) -> nav2-3 | E11: 周計畫 | F11: =IF( COUNTIF(auth!$C:$C,$D11) > 0, permission!$C$2, 0 ) -> 0 | G11: =SUMIFS(auth!$D:$D, auth!$C:$C, $D11) * permission!$D$2 -> 0 | H11: =SUMIFS(auth!$E:$E, auth!$C:$C, $D11) * permission!$E$2 -> 0 | I11: =SUMIFS(auth!$F:$F, auth!$C:$C, $D11) * permission!$F$2 -> 0 | J11: =SUMIFS(auth!$G:$G, auth!$C:$C, $D11) * permission!$G$2 -> 0 | K11: =IF( OR($D11="", $F11=0), permission!$H$2, SUM($F11:$J11) ) -> 31 | P11: Basic
A12: nav | B12: nav2 | C12: nav2-4 | D12: =IF( AND($B12="", $C12=""), $A12, IF($C12<>"", $C12, $B12) ) -> nav2-4 | E12: 工時管理 | F12: =IF( COUNTIF(auth!$C:$C,$D12) > 0, permission!$C$2, 0 ) -> 0 | G12: =SUMIFS(auth!$D:$D, auth!$C:$C, $D12) * permission!$D$2 -> 0 | H12: =SUMIFS(auth!$E:$E, auth!$C:$C, $D12) * permission!$E$2 -> 0 | I12: =SUMIFS(auth!$F:$F, auth!$C:$C, $D12) * permission!$F$2 -> 0 | J12: =SUMIFS(auth!$G:$G, auth!$C:$C, $D12) * permission!$G$2 -> 0 | K12: =IF( OR($D12="", $F12=0), permission!$H$2, SUM($F12:$J12) ) -> 31 | P12: Basic
A13: chart | D13: =IF( AND($B13="", $C13=""), $A13, IF($C13<>"", $C13, $B13) ) -> chart | E13: 圖表測試 | F13: =IF( COUNTIF(auth!$C:$C,$D13) > 0, permission!$C$2, 0 ) -> 0 | G13: =SUMIFS(auth!$D:$D, auth!$C:$C, $D13) * permission!$D$2 -> 0 | H13: =SUMIFS(auth!$E:$E, auth!$C:$C, $D13) * permission!$E$2 -> 0 | I13: =SUMIFS(auth!$F:$F, auth!$C:$C, $D13) * permission!$F$2 -> 0 | J13: =SUMIFS(auth!$G:$G, auth!$C:$C, $D13) * permission!$G$2 -> 0 | K13: =IF( OR($D13="", $F13=0), permission!$H$2, SUM($F13:$J13) ) -> 31 | P13: Basic
A14: chart | B14: chart1 | D14: =IF( AND($B14="", $C14=""), $A14, IF($C14<>"", $C14, $B14) ) -> chart1 | E14: 柱狀圖 | F14: =IF( COUNTIF(auth!$C:$C,$D14) > 0, permission!$C$2, 0 ) -> 0 | G14: =SUMIFS(auth!$D:$D, auth!$C:$C, $D14) * permission!$D$2 -> 0 | H14: =SUMIFS(auth!$E:$E, auth!$C:$C, $D14) * permission!$E$2 -> 0 | I14: =SUMIFS(auth!$F:$F, auth!$C:$C, $D14) * permission!$F$2 -> 0 | J14: =SUMIFS(auth!$G:$G, auth!$C:$C, $D14) * permission!$G$2 -> 0 | K14: =IF( OR($D14="", $F14=0), permission!$H$2, SUM($F14:$J14) ) -> 31 | P14: Basic
A15: chart | B15: chart2 | D15: =IF( AND($B15="", $C15=""), $A15, IF($C15<>"", $C15, $B15) ) -> chart2 | E15: 圓餅圖 | F15: =IF( COUNTIF(auth!$C:$C,$D15) > 0, permission!$C$2, 0 ) -> 0 | G15: =SUMIFS(auth!$D:$D, auth!$C:$C, $D15) * permission!$D$2 -> 0 | H15: =SUMIFS(auth!$E:$E, auth!$C:$C, $D15) * permission!$E$2 -> 0 | I15: =SUMIFS(auth!$F:$F, auth!$C:$C, $D15) * permission!$F$2 -> 0 | J15: =SUMIFS(auth!$G:$G, auth!$C:$C, $D15) * permission!$G$2 -> 0 | K15: =IF( OR($D15="", $F15=0), permission!$H$2, SUM($F15:$J15) ) -> 31 | P15: Basic
A16: chart | B16: chart3 | D16: =IF( AND($B16="", $C16=""), $A16, IF($C16<>"", $C16, $B16) ) -> chart3 | E16: 甘特圖 | F16: =IF( COUNTIF(auth!$C:$C,$D16) > 0, permission!$C$2, 0 ) -> 0 | G16: =SUMIFS(auth!$D:$D, auth!$C:$C, $D16) * permission!$D$2 -> 0 | H16: =SUMIFS(auth!$E:$E, auth!$C:$C, $D16) * permission!$E$2 -> 0 | I16: =SUMIFS(auth!$F:$F, auth!$C:$C, $D16) * permission!$F$2 -> 0 | J16: =SUMIFS(auth!$G:$G, auth!$C:$C, $D16) * permission!$G$2 -> 0 | K16: =IF( OR($D16="", $F16=0), permission!$H$2, SUM($F16:$J16) ) -> 31 | P16: Basic
A17: components | D17: =IF( AND($B17="", $C17=""), $A17, IF($C17<>"", $C17, $B17) ) -> components | E17: 組件介紹 | F17: =IF( COUNTIF(auth!$C:$C,$D17) > 0, permission!$C$2, 0 ) -> 0 | G17: =SUMIFS(auth!$D:$D, auth!$C:$C, $D17) * permission!$D$2 -> 0 | H17: =SUMIFS(auth!$E:$E, auth!$C:$C, $D17) * permission!$E$2 -> 0 | I17: =SUMIFS(auth!$F:$F, auth!$C:$C, $D17) * permission!$F$2 -> 0 | J17: =SUMIFS(auth!$G:$G, auth!$C:$C, $D17) * permission!$G$2 -> 0 | K17: =IF( OR($D17="", $F17=0), permission!$H$2, SUM($F17:$J17) ) -> 31 | P17: Basic
A18: components | B18: components1 | D18: =IF( AND($B18="", $C18=""), $A18, IF($C18<>"", $C18, $B18) ) -> components1 | E18: 一般 | F18: =IF( COUNTIF(auth!$C:$C,$D18) > 0, permission!$C$2, 0 ) -> 0 | G18: =SUMIFS(auth!$D:$D, auth!$C:$C, $D18) * permission!$D$2 -> 0 | H18: =SUMIFS(auth!$E:$E, auth!$C:$C, $D18) * permission!$E$2 -> 0 | I18: =SUMIFS(auth!$F:$F, auth!$C:$C, $D18) * permission!$F$2 -> 0 | J18: =SUMIFS(auth!$G:$G, auth!$C:$C, $D18) * permission!$G$2 -> 0 | K18: =IF( OR($D18="", $F18=0), permission!$H$2, SUM($F18:$J18) ) -> 31 | P18: Basic
A19: components | B19: components1 | C19: components1-1 | D19: =IF( AND($B19="", $C19=""), $A19, IF($C19<>"", $C19, $B19) ) -> components1-1 | E19: 組件1 | F19: =IF( COUNTIF(auth!$C:$C,$D19) > 0, permission!$C$2, 0 ) -> 0 | G19: =SUMIFS(auth!$D:$D, auth!$C:$C, $D19) * permission!$D$2 -> 0 | H19: =SUMIFS(auth!$E:$E, auth!$C:$C, $D19) * permission!$E$2 -> 0 | I19: =SUMIFS(auth!$F:$F, auth!$C:$C, $D19) * permission!$F$2 -> 0 | J19: =SUMIFS(auth!$G:$G, auth!$C:$C, $D19) * permission!$G$2 -> 0 | K19: =IF( OR($D19="", $F19=0), permission!$H$2, SUM($F19:$J19) ) -> 31 | P19: Basic
A20: components | B20: components1 | C20: components1-2 | D20: =IF( AND($B20="", $C20=""), $A20, IF($C20<>"", $C20, $B20) ) -> components1-2 | E20: 組件2 | F20: =IF( COUNTIF(auth!$C:$C,$D20) > 0, permission!$C$2, 0 ) -> 0 | G20: =SUMIFS(auth!$D:$D, auth!$C:$C, $D20) * permission!$D$2 -> 0 | H20: =SUMIFS(auth!$E:$E, auth!$C:$C, $D20) * permission!$E$2 -> 0 | I20: =SUMIFS(auth!$F:$F, auth!$C:$C, $D20) * permission!$F$2 -> 0 | J20: =SUMIFS(auth!$G:$G, auth!$C:$C, $D20) * permission!$G$2 -> 0 | K20: =IF( OR($D20="", $F20=0), permission!$H$2, SUM($F20:$J20) ) -> 31 | P20: Basic
A21: components | B21: components1 | C21: components1-3 | D21: =IF( AND($B21="", $C21=""), $A21, IF($C21<>"", $C21, $B21) ) -> components1-3 | E21: 組件3 | F21: =IF( COUNTIF(auth!$C:$C,$D21) > 0, permission!$C$2, 0 ) -> 0 | G21: =SUMIFS(auth!$D:$D, auth!$C:$C, $D21) * permission!$D$2 -> 0 | H21: =SUMIFS(auth!$E:$E, auth!$C:$C, $D21) * permission!$E$2 -> 0 | I21: =SUMIFS(auth!$F:$F, auth!$C:$C, $D21) * permission!$F$2 -> 0 | J21: =SUMIFS(auth!$G:$G, auth!$C:$C, $D21) * permission!$G$2 -> 0 | K21: =IF( OR($D21="", $F21=0), permission!$H$2, SUM($F21:$J21) ) -> 31 | P21: Basic
A22: components | B22: components2 | D22: =IF( AND($B22="", $C22=""), $A22, IF($C22<>"", $C22, $B22) ) -> components2 | E22: 輸入類 | F22: =IF( COUNTIF(auth!$C:$C,$D22) > 0, permission!$C$2, 0 ) -> 0 | G22: =SUMIFS(auth!$D:$D, auth!$C:$C, $D22) * permission!$D$2 -> 0 | H22: =SUMIFS(auth!$E:$E, auth!$C:$C, $D22) * permission!$E$2 -> 0 | I22: =SUMIFS(auth!$F:$F, auth!$C:$C, $D22) * permission!$F$2 -> 0 | J22: =SUMIFS(auth!$G:$G, auth!$C:$C, $D22) * permission!$G$2 -> 0 | K22: =IF( OR($D22="", $F22=0), permission!$H$2, SUM($F22:$J22) ) -> 31 | P22: Basic
A23: components | B23: components2 | C23: components2-1 | D23: =IF( AND($B23="", $C23=""), $A23, IF($C23<>"", $C23, $B23) ) -> components2-1 | E23: 組件1 | F23: =IF( COUNTIF(auth!$C:$C,$D23) > 0, permission!$C$2, 0 ) -> 0 | G23: =SUMIFS(auth!$D:$D, auth!$C:$C, $D23) * permission!$D$2 -> 0 | H23: =SUMIFS(auth!$E:$E, auth!$C:$C, $D23) * permission!$E$2 -> 0 | I23: =SUMIFS(auth!$F:$F, auth!$C:$C, $D23) * permission!$F$2 -> 0 | J23: =SUMIFS(auth!$G:$G, auth!$C:$C, $D23) * permission!$G$2 -> 0 | K23: =IF( OR($D23="", $F23=0), permission!$H$2, SUM($F23:$J23) ) -> 31 | P23: Basic
A24: components | B24: components2 | C24: components2-2 | D24: =IF( AND($B24="", $C24=""), $A24, IF($C24<>"", $C24, $B24) ) -> components2-2 | E24: 組件2 | F24: =IF( COUNTIF(auth!$C:$C,$D24) > 0, permission!$C$2, 0 ) -> 0 | G24: =SUMIFS(auth!$D:$D, auth!$C:$C, $D24) * permission!$D$2 -> 0 | H24: =SUMIFS(auth!$E:$E, auth!$C:$C, $D24) * permission!$E$2 -> 0 | I24: =SUMIFS(auth!$F:$F, auth!$C:$C, $D24) * permission!$F$2 -> 0 | J24: =SUMIFS(auth!$G:$G, auth!$C:$C, $D24) * permission!$G$2 -> 0 | K24: =IF( OR($D24="", $F24=0), permission!$H$2, SUM($F24:$J24) ) -> 31 | P24: Basic
A25: components | B25: components2 | C25: components2-3 | D25: =IF( AND($B25="", $C25=""), $A25, IF($C25<>"", $C25, $B25) ) -> components2-3 | E25: 組件3 | F25: =IF( COUNTIF(auth!$C:$C,$D25) > 0, permission!$C$2, 0 ) -> 0 | G25: =SUMIFS(auth!$D:$D, auth!$C:$C, $D25) * permission!$D$2 -> 0 | H25: =SUMIFS(auth!$E:$E, auth!$C:$C, $D25) * permission!$E$2 -> 0 | I25: =SUMIFS(auth!$F:$F, auth!$C:$C, $D25) * permission!$F$2 -> 0 | J25: =SUMIFS(auth!$G:$G, auth!$C:$C, $D25) * permission!$G$2 -> 0 | K25: =IF( OR($D25="", $F25=0), permission!$H$2, SUM($F25:$J25) ) -> 31 | P25: Basic
A26: components | B26: components3 | D26: =IF( AND($B26="", $C26=""), $A26, IF($C26<>"", $C26, $B26) ) -> components3 | E26: 表格類 | F26: =IF( COUNTIF(auth!$C:$C,$D26) > 0, permission!$C$2, 0 ) -> 0 | G26: =SUMIFS(auth!$D:$D, auth!$C:$C, $D26) * permission!$D$2 -> 0 | H26: =SUMIFS(auth!$E:$E, auth!$C:$C, $D26) * permission!$E$2 -> 0 | I26: =SUMIFS(auth!$F:$F, auth!$C:$C, $D26) * permission!$F$2 -> 0 | J26: =SUMIFS(auth!$G:$G, auth!$C:$C, $D26) * permission!$G$2 -> 0 | K26: =IF( OR($D26="", $F26=0), permission!$H$2, SUM($F26:$J26) ) -> 31 | P26: Basic
A27: components | B27: components3 | C27: components3-1 | D27: =IF( AND($B27="", $C27=""), $A27, IF($C27<>"", $C27, $B27) ) -> components3-1 | E27: 組件1 | F27: =IF( COUNTIF(auth!$C:$C,$D27) > 0, permission!$C$2, 0 ) -> 0 | G27: =SUMIFS(auth!$D:$D, auth!$C:$C, $D27) * permission!$D$2 -> 0 | H27: =SUMIFS(auth!$E:$E, auth!$C:$C, $D27) * permission!$E$2 -> 0 | I27: =SUMIFS(auth!$F:$F, auth!$C:$C, $D27) * permission!$F$2 -> 0 | J27: =SUMIFS(auth!$G:$G, auth!$C:$C, $D27) * permission!$G$2 -> 0 | K27: =IF( OR($D27="", $F27=0), permission!$H$2, SUM($F27:$J27) ) -> 31 | P27: Basic
A28: components | B28: components3 | C28: components3-2 | D28: =IF( AND($B28="", $C28=""), $A28, IF($C28<>"", $C28, $B28) ) -> components3-2 | E28: 組件2 | F28: =IF( COUNTIF(auth!$C:$C,$D28) > 0, permission!$C$2, 0 ) -> 0 | G28: =SUMIFS(auth!$D:$D, auth!$C:$C, $D28) * permission!$D$2 -> 0 | H28: =SUMIFS(auth!$E:$E, auth!$C:$C, $D28) * permission!$E$2 -> 0 | I28: =SUMIFS(auth!$F:$F, auth!$C:$C, $D28) * permission!$F$2 -> 0 | J28: =SUMIFS(auth!$G:$G, auth!$C:$C, $D28) * permission!$G$2 -> 0 | K28: =IF( OR($D28="", $F28=0), permission!$H$2, SUM($F28:$J28) ) -> 31 | P28: Basic
A29: components | B29: components3 | C29: components3-3 | D29: =IF( AND($B29="", $C29=""), $A29, IF($C29<>"", $C29, $B29) ) -> components3-3 | E29: 組件3 | F29: =IF( COUNTIF(auth!$C:$C,$D29) > 0, permission!$C$2, 0 ) -> 0 | G29: =SUMIFS(auth!$D:$D, auth!$C:$C, $D29) * permission!$D$2 -> 0 | H29: =SUMIFS(auth!$E:$E, auth!$C:$C, $D29) * permission!$E$2 -> 0 | I29: =SUMIFS(auth!$F:$F, auth!$C:$C, $D29) * permission!$F$2 -> 0 | J29: =SUMIFS(auth!$G:$G, auth!$C:$C, $D29) * permission!$G$2 -> 0 | K29: =IF( OR($D29="", $F29=0), permission!$H$2, SUM($F29:$J29) ) -> 31 | P29: Basic

Sheet permission
A1: 權限 | C1: read | D1: create | E1: update | F1: delete | G1: execute | H1: 權限總和
A2: 權限值 | C2: 1 | D2: 2 | E2: 4 | F2: 8 | G2: 16 | H2: =SUM($C2:$G2) -> 31
A3: 前端計算方式 | C3: 1 << 0 | D3: 1 << 1 | E3: 1 << 2 | F3: 1 << 3 | G3: 1 << 4
